Message,Value,WPARAM (In),LPARAM (In),WPARAM (Out),LPARAM (Out),LRESULT (Out),MSDN,GitHub
WM_NULL,0x0000,NULL,NULL,NULL,NULL,LRESULT,https://learn.microsoft.com/en-us/windows/win32/winmsg/wm-null,https://github.com/MicrosoftDocs/win32/blob/docs/desktop-src/winmsg/wm-null.md
WM_CREATE,0x0001,NULL,CREATESTRUCT*,NULL,NULL,"LRESULT: 0 (success), -1 (destroy window)",https://learn.microsoft.com/en-us/windows/win32/winmsg/wm-create,https://github.com/MicrosoftDocs/win32/blob/docs/desktop-src/winmsg/wm-create.md
WM_DESTROY,0x0002,NULL,NULL,NULL,NULL,LRESULT,https://learn.microsoft.com/en-us/windows/win32/winmsg/wm-destroy,https://github.com/MicrosoftDocs/win32/blob/docs/desktop-src/winmsg/wm-destroy.md
WM_MOVE,0x0003,NULL,"xPos: LOWORD(lParam), yPos: HIWORD(lParam)",NULL,NULL,LRESULT,https://learn.microsoft.com/en-us/windows/win32/winmsg/wm-move,https://github.com/MicrosoftDocs/win32/blob/docs/desktop-src/winmsg/wm-move.md
WM_SIZE,0x0005,Enum SIZE (e.g. SIZE_MAXHIDE),new width: LOWORD(lParam). new height: HIGHWORD(lParam),NULL,NULL,LRESULT,https://learn.microsoft.com/en-us/windows/win32/winmsg/wm-size,https://github.com/MicrosoftDocs/win32/blob/docs/desktop-src/winmsg/wm-size.md
WM_ACTIVATE,0x0006,Enum WA (e.g. WA_ACTIVE): LOWORD(wParam). isMinimized: HIWORD(wParam) != 0,HWND,NULL,NULL,LRESULT,https://learn.microsoft.com/en-us/windows/win32/inputdev/wm-activate,https://github.com/MicrosoftDocs/win32/blob/docs/desktop-src/inputdev/wm-activate.md
WM_SETFOCUS,0x0007,HWND,NULL,NULL,NULL,LRESULT,https://learn.microsoft.com/en-us/windows/win32/inputdev/wm-setfocus,https://github.com/MicrosoftDocs/win32/blob/docs/desktop-src/inputdev/wm-setfocus.md
WM_KILLFOCUS,0x0008,HWND,NULL,NULL,NULL,LRESULT,https://learn.microsoft.com/en-us/windows/win32/inputdev/wm-killfocus,https://github.com/MicrosoftDocs/win32/blob/docs/desktop-src/inputdev/wm-killfocus.md
WM_ENABLE,0x000A,IsEnabled: BOOL,NULL,NULL,NULL,LRESULT,https://learn.microsoft.com/en-us/windows/win32/winmsg/wm-enable,https://github.com/MicrosoftDocs/win32/blob/docs/desktop-src/winmsg/wm-enable.md
WM_SETREDRAW,0x000B,CanRedraw: BOOL,NULL,NULL,NULL,LRESULT,https://learn.microsoft.com/en-us/windows/win32/gdi/wm-setredraw,https://github.com/MicrosoftDocs/win32/blob/docs/desktop-src/gdi/wm-setredraw.md
WM_SETTEXT,0x000C,NULL,LPSTR/LPWSTR,,,TRUE/FALSE/LB_ERRSPACE/CB_ERRSPACE/CB_ERR,https://learn.microsoft.com/en-us/windows/win32/winmsg/wm-settext,https://github.com/MicrosoftDocs/win32/blob/docs/desktop-src/winmsg/wm-settext.md
WM_GETTEXT,0x000D,Number of characters to copy incl. \0,Buffer to receive the text,Number of characters to copy incl. \0,Buffer containing the text,Number of characters copied excl. null terminator,https://learn.microsoft.com/en-us/windows/win32/winmsg/wm-gettext,https://github.com/MicrosoftDocs/win32/blob/docs/desktop-src/winmsg/wm-gettext.md
WM_GETTEXTLENGTH,0x000E,NULL,NULL,NULL,NULL,Length of the text excl. null terminator,https://learn.microsoft.com/en-us/windows/win32/winmsg/wm-gettextlength,https://github.com/MicrosoftDocs/win32/blob/docs/desktop-src/winmsg/wm-gettextlength.md
WM_PAINT,0x000F,NULL/HDC,NULL,NULL,NULL,LRESULT,https://learn.microsoft.com/en-us/windows/win32/gdi/wm-paint,https://github.com/MicrosoftDocs/win32/blob/docs/desktop-src/gdi/wm-paint.md
WM_CLOSE,0x0010,NULL,NULL,NULL,NULL,LRESULT,https://learn.microsoft.com/en-us/windows/win32/winmsg/wm-close,https://github.com/MicrosoftDocs/win32/blob/docs/desktop-src/winmsg/wm-close.md
WM_QUERYENDSESSION,0x0011,NULL,NULL,NULL,Flags Enum: ENDSESSION (e.g. ENDSESSION_CLOSEAPP),TRUE/FALSE,https://learn.microsoft.com/en-us/windows/win32/shutdown/wm-queryendsession,https://github.com/MicrosoftDocs/win32/blob/docs/desktop-src/Shutdown/wm-queryendsession.md
WM_QUERYOPEN,0x0013,NULL,NULL,NULL,NULL,TRUE/FALSE,https://learn.microsoft.com/en-us/windows/win32/winmsg/wm-queryopen,https://github.com/MicrosoftDocs/win32/blob/docs/desktop-src/winmsg/wm-queryopen.md
WM_ENDSESSION,0x0016,IsEnding: BOOL,Flags Enum: ENDSESSION (e.g. ENDSESSION_CLOSEAPP),NULL,NULL,LRESULT,https://learn.microsoft.com/en-us/windows/win32/shutdown/wm-endsession,https://github.com/MicrosoftDocs/win32/blob/docs/desktop-src/Shutdown/wm-endsession.md
WM_QUIT,0x0012,Exit Code,NULL,NULL,NULL,LRESULT,https://learn.microsoft.com/en-us/windows/win32/winmsg/wm-quit,https://github.com/MicrosoftDocs/win32/blob/docs/desktop-src/winmsg/wm-quit.md
WM_ERASEBKGND,0x0014,HDC,NULL,NULL,NULL,IsErased: != 0,https://learn.microsoft.com/en-us/windows/win32/winmsg/wm-erasebkgnd,https://github.com/MicrosoftDocs/win32/blob/docs/desktop-src/winmsg/wm-erasebkgnd.md
WM_SYSCOLORCHANGE,0x0015,NULL,NULL,NULL,NULL,LRESULT,https://learn.microsoft.com/en-us/windows/win32/gdi/wm-syscolorchange,https://github.com/MicrosoftDocs/win32/blob/docs/desktop-src/gdi/wm-syscolorchange.md
WM_SHOWWINDOW,0x0018,IsShow: BOOL,Enum SW (e.g. SW_OTHERRUNZOOM),NULL,NULL,LRESULT,https://learn.microsoft.com/en-us/windows/win32/winmsg/wm-showwindow,https://github.com/MicrosoftDocs/win32/blob/docs/desktop-src/winmsg/wm-showwindow.md
WM_SETTINGCHANGE,0x001A,complex,complex,NULL,NULL,LRESULT,https://learn.microsoft.com/en-us/windows/win32/winmsg/wm-settingchange,https://github.com/MicrosoftDocs/win32/blob/docs/desktop-src/winmsg/wm-settingchange.md
WM_DEVMODECHANGE,0x001B,NULL,pointer to string,NULL,NULL,LRESULT,https://learn.microsoft.com/en-us/windows/win32/gdi/wm-devmodechange,https://github.com/MicrosoftDocs/win32/blob/docs/desktop-src/gdi/wm-devmodechange.md
WM_ACTIVATEAPP,0x001C,Activated: BOOL,ThreadId,NULL,NULL,LRESULT,https://learn.microsoft.com/en-us/windows/win32/winmsg/wm-activateapp,https://github.com/MicrosoftDocs/win32/blob/docs/desktop-src/winmsg/wm-activateapp.md
WM_FONTCHANGE,0x001D,NULL,NULL,NULL,NULL,LRESULT,https://learn.microsoft.com/en-us/windows/win32/gdi/wm-fontchange,https://github.com/MicrosoftDocs/win32/blob/docs/desktop-src/gdi/wm-fontchange.md
WM_TIMECHANGE,0x001E,NULL,NULL,NULL,NULL,LRESULT,https://learn.microsoft.com/en-us/windows/win32/sysinfo/wm-timechange,https://github.com/MicrosoftDocs/win32/blob/docs/desktop-src/SysInfo/wm-timechange.md
WM_CANCELMODE,0x001F,NULL,NULL,NULL,NULL,LRESULT,https://learn.microsoft.com/en-us/windows/win32/winmsg/wm-cancelmode,https://github.com/MicrosoftDocs/win32/blob/docs/desktop-src/winmsg/wm-cancelmode.md
WM_SETCURSOR,0x0020,HWND,Enum HT: LOWORD(lParam). Enum WM: HIWORD(lparam),NULL,NULL,TRUE/FALSE,https://learn.microsoft.com/en-us/windows/win32/menurc/wm-setcursor,https://github.com/MicrosoftDocs/win32/blob/docs/desktop-src/menurc/wm-setcursor.md
WM_MOUSEACTIVATE,0x0021,HWND,Enum HT: LOWORD(lParam). Enum WM: HIWORD(lparam),NULL,NULL,Enum MA (e.g. MA_ACTIVATE),https://learn.microsoft.com/en-us/windows/win32/inputdev/wm-mouseactivate,https://github.com/MicrosoftDocs/win32/blob/docs/desktop-src/inputdev/wm-mouseactivate.md
WM_CHILDACTIVATE,0x0022,NULL,NULL,NULL,NULL,LRESULT,https://learn.microsoft.com/en-us/windows/win32/winmsg/wm-childactivate,https://github.com/MicrosoftDocs/win32/blob/docs/desktop-src/winmsg/wm-childactivate.md
WM_QUEUESYNC,0x0023,NULL,NULL,NULL,NULL,LRESULT,https://learn.microsoft.com/en-us/windows/win32/winmsg/wm-queuesync,https://github.com/MicrosoftDocs/win32/blob/docs/desktop-src/winmsg/wm-queuesync.md
WM_GETMINMAXINFO,0x0024,NULL,MINMAXINFO*,NULL,NULL,LRESULT,https://learn.microsoft.com/en-us/windows/win32/winmsg/wm-getminmaxinfo,https://github.com/MicrosoftDocs/win32/blob/docs/desktop-src/winmsg/wm-getminmaxinfo.md
WM_PAINTICON,0x0026,,,,,,,
WM_ICONERASEBKGND,0x0027,,,,,,,
WM_NEXTDLGCTL,0x0028,complex,BOOL: LOWORD(lParam),,,,https://learn.microsoft.com/en-us/windows/win32/dlgbox/wm-nextdlgctl,https://github.com/MicrosoftDocs/win32/blob/docs/desktop-src/dlgbox/wm-nextdlgctl.md
WM_SPOOLERSTATUS,0x002A,PR_JOBSTATUS ,Print Jobs Remaining: LOWORD(lParam),NULL,NULL,LRESULT,https://learn.microsoft.com/en-us/windows/win32/printdocs/wm-spoolerstatus,https://github.com/MicrosoftDocs/win32/blob/docs/desktop-src/printdocs/wm-spoolerstatus.md
WM_DRAWITEM,0x002B,Control Identifier,DRAWITEMSTRUCT*,NULL,NULL,TRUE/FALSE,https://learn.microsoft.com/en-us/windows/win32/controls/wm-drawitem,https://github.com/MicrosoftDocs/win32/blob/docs/desktop-src/Controls/wm-drawitem.md
WM_MEASUREITEM,0x002C,Control Identifier,MEASUREITEMSTRUCT*,NULL,NULL,TRUE/FALSE,https://learn.microsoft.com/en-us/windows/win32/controls/wm-measureitem,https://github.com/MicrosoftDocs/win32/blob/docs/desktop-src/Controls/wm-measureitem.md
WM_DELETEITEM,0x002D,Control Identifier,DELETEITEMSTRUCT*,NULL,NULL,TRUE/FALSE,https://learn.microsoft.com/en-us/windows/win32/controls/wm-deleteitem,https://github.com/MicrosoftDocs/win32/blob/docs/desktop-src/Controls/wm-deleteitem.md
WM_VKEYTOITEM,0x002E,Enum VK: LOWORD(wParam). Caret Position: HIWORD(wParam),List Box HWND,NULL,NULL,complex,https://learn.microsoft.com/en-us/windows/win32/controls/wm-vkeytoitem,https://github.com/MicrosoftDocs/win32/blob/docs/desktop-src/Controls/wm-vkeytoitem.md
WM_CHARTOITEM,0x002F,Enum VK: LOWORD(wParam). Caret Position: HIWORD(wParam),List Box HWND,NULL,NULL,complex,https://learn.microsoft.com/en-us/windows/win32/controls/wm-chartoitem,https://github.com/MicrosoftDocs/win32/blob/docs/desktop-src/Controls/wm-chartoitem.md
WM_SETFONT,0x0030,HFONT,BOOL: LOWORD(lParam),NULL,NULL,LRESULT,https://learn.microsoft.com/en-us/windows/win32/winmsg/wm-setfont,https://github.com/MicrosoftDocs/win32/blob/docs/desktop-src/winmsg/wm-setfont.md
WM_GETFONT,0x0031,NULL,NULL,NULL,NULL,HFONT,https://learn.microsoft.com/en-us/windows/win32/winmsg/wm-getfont,https://github.com/MicrosoftDocs/win32/blob/docs/desktop-src/winmsg/wm-getfont.md
WM_SETHOTKEY,0x0032,Enum VK: LOWORD(wParam). Enum HOTKEYF: HIWORD(wParam),NULL,NULL,NULL,complex,https://learn.microsoft.com/en-us/windows/win32/inputdev/wm-sethotkey,https://github.com/MicrosoftDocs/win32/blob/docs/desktop-src/inputdev/wm-sethotkey.md
WM_GETHOTKEY,0x0033,NULL,NULL,NULL,NULL,Enum VK: LOWORD. Enum HOTKEYF: HIWORD,https://learn.microsoft.com/en-us/windows/win32/inputdev/wm-gethotkey,https://github.com/MicrosoftDocs/win32/blob/docs/desktop-src/inputdev/wm-gethotkey.md
WM_QUERYDRAGICON,0x0037,NULL,NULL,NULL,NULL,Handle to cursor or icon,https://learn.microsoft.com/en-us/windows/win32/winmsg/wm-querydragicon,https://github.com/MicrosoftDocs/win32/blob/docs/desktop-src/winmsg/wm-querydragicon.md
WM_COMPAREITEM,0x0039,Control Identifier,COMPAREITEMSTRUCT*,NULL,NULL,complex,https://learn.microsoft.com/en-us/windows/win32/controls/wm-compareitem,https://github.com/MicrosoftDocs/win32/blob/docs/desktop-src/Controls/wm-compareitem.md
WM_GETOBJECT,0x003D,,,,,,https://learn.microsoft.com/en-us/windows/win32/winauto/wm-getobject,https://github.com/MicrosoftDocs/win32/blob/docs/desktop-src/WinAuto/wm-getobject.md
WM_COMPACTING,0x0041,cpu time ratio,NULL,NULL,NULL,LRESULT,https://learn.microsoft.com/en-us/windows/win32/winmsg/wm-compacting,https://github.com/MicrosoftDocs/win32/blob/docs/desktop-src/winmsg/wm-compacting.md
WM_COMMNOTIFY,0x0044,,,,,,,
WM_WINDOWPOSCHANGING,0x0046,NULL,WINDOWPOS*,NULL,NULL,LRESULT,https://learn.microsoft.com/en-us/windows/win32/winmsg/wm-windowposchanging,https://github.com/MicrosoftDocs/win32/blob/docs/desktop-src/winmsg/wm-windowposchanging.md
WM_WINDOWPOSCHANGED,0x0047,NULL,WINDOWPOS*,NULL,NULL,LRESULT,https://learn.microsoft.com/en-us/windows/win32/winmsg/wm-windowposchanged,https://github.com/MicrosoftDocs/win32/blob/docs/desktop-src/winmsg/wm-windowposchanged.md
WM_POWER,0x0048,Enum PWR (e.g. PWR_CRITICALRESUME),NULL,NULL,NULL,Enum PWR (e.g. PWR_OK),https://learn.microsoft.com/en-us/windows/win32/power/wm-power,https://github.com/MicrosoftDocs/win32/blob/docs/desktop-src/Power/wm-power.md
WM_COPYDATA,0x004A,HWND,COPYDATASTRUCT*,NULL,NULL,TRUE/FALSE,https://learn.microsoft.com/en-us/windows/win32/dataxchg/wm-copydata,https://github.com/MicrosoftDocs/win32/blob/docs/desktop-src/dataxchg/wm-copydata.md
WM_CANCELJOURNAL,0x004B,NULL,NULL,NULL,NULL,LRESULT,https://learn.microsoft.com/en-us/windows/win32/winmsg/wm-canceljournal,https://github.com/MicrosoftDocs/win32/blob/docs/desktop-src/winmsg/wm-canceljournal.md
WM_NOTIFY,0x004E,Control Identifier,NMHDR*,NULL,NULL,LRESULT,https://learn.microsoft.com/en-us/windows/win32/controls/wm-notify,https://github.com/MicrosoftDocs/win32/blob/docs/desktop-src/Controls/wm-notify.md
WM_INPUTLANGCHANGEREQUEST,0x0050,Enum INPUTLANGCHANGE (e.g. INPUTLANGCHANGE_BACKWARD),Input locale identifier,NULL,NULL,LRESULT,https://learn.microsoft.com/en-us/windows/win32/winmsg/wm-inputlangchangerequest,https://github.com/MicrosoftDocs/win32/blob/docs/desktop-src/winmsg/wm-inputlangchangerequest.md
WM_INPUTLANGCHANGE,0x0051,charset,language identifier: LOWORD. HDC: HIWORD,NULL,NULL,LRESULT,https://learn.microsoft.com/en-us/windows/win32/winmsg/wm-inputlangchange,https://github.com/MicrosoftDocs/win32/blob/docs/desktop-src/winmsg/wm-inputlangchange.md
WM_TCARD,0x0052,,,,,,https://learn.microsoft.com/en-us/windows/win32/shell/wm-tcard,https://github.com/MicrosoftDocs/win32/blob/docs/desktop-src/shell/wm-tcard.md
WM_HELP,0x0053,NULL,HELPINFO*,NULL,NULL,BOOL,https://learn.microsoft.com/en-us/windows/win32/shell/wm-help,https://github.com/MicrosoftDocs/win32/blob/docs/desktop-src/shell/wm-help.md
WM_USERCHANGED,0x0054,NULL,NULL,NULL,NULL,LRESULT,https://learn.microsoft.com/en-us/windows/win32/winmsg/wm-userchanged,https://github.com/MicrosoftDocs/win32/blob/docs/desktop-src/winmsg/wm-userchanged.md
WM_NOTIFYFORMAT,0x0055,HWND,Enum NF (e.g. NF_QUERY),NULL,NULL,Enum NFR (e.g. NFR_ANSI),https://learn.microsoft.com/en-us/windows/win32/controls/wm-notifyformat,https://github.com/MicrosoftDocs/win32/blob/docs/desktop-src/Controls/wm-notifyformat.md
WM_CONTEXTMENU,0x007B,HWND,xPos: LOWORD. yPos: HIWORD,NULL,NULL,LRESULT,https://learn.microsoft.com/en-us/windows/win32/menurc/wm-contextmenu,https://github.com/MicrosoftDocs/win32/blob/docs/desktop-src/menurc/wm-contextmenu.md
WM_STYLECHANGING,0x007C,Enum GWL (e.g. GWL_EXSTYLE),STYLESTRUCT*,NULL,STYLESTRUCT*,LRESULT,https://learn.microsoft.com/en-us/windows/win32/winmsg/wm-stylechanging,https://github.com/MicrosoftDocs/win32/blob/docs/desktop-src/winmsg/wm-stylechanging.md
WM_STYLECHANGED,0x007D,Enum GWL (e.g. GWL_EXSTYLE),STYLESTRUCT*,NULL,NULL,LRESULT,https://learn.microsoft.com/en-us/windows/win32/winmsg/wm-stylechanged,https://github.com/MicrosoftDocs/win32/blob/docs/desktop-src/winmsg/wm-stylechanged.md
WM_DISPLAYCHANGE,0x007E,image depth in bits per pixel,xResolution: LOWORD. yResolution: HIWORD,NULL,NULL,LRESULT,https://learn.microsoft.com/en-us/windows/win32/gdi/wm-displaychange,https://github.com/MicrosoftDocs/win32/blob/docs/desktop-src/gdi/wm-displaychange.md
WM_GETICON,0x007F,Enum ICON (e.g. ICON_BIG),The icon's DPI,NULL,NULL,A handle,https://learn.microsoft.com/en-us/windows/win32/winmsg/wm-geticon,https://github.com/MicrosoftDocs/win32/blob/docs/desktop-src/winmsg/wm-geticon.md
WM_SETICON,0x0080,Enum ICON (e.g. ICON_BIG),Icon handle,NULL,NULL,A handle,https://learn.microsoft.com/en-us/windows/win32/winmsg/wm-seticon,https://github.com/MicrosoftDocs/win32/blob/docs/desktop-src/winmsg/wm-seticon.md
WM_NCCREATE,0x0081,NULL,CREATESTRUCT*,NULL,NULL,TRUE/FALSE,https://learn.microsoft.com/en-us/windows/win32/winmsg/wm-nccreate,https://github.com/MicrosoftDocs/win32/blob/docs/desktop-src/winmsg/wm-nccreate.md
WM_NCDESTROY,0x0082,NULL,NULL,NULL,NULL,LRESULT,https://learn.microsoft.com/en-us/windows/win32/winmsg/wm-ncdestroy,https://github.com/MicrosoftDocs/win32/blob/docs/desktop-src/winmsg/wm-ncdestroy.md
WM_NCCALCSIZE,0x0083,TRUE/FALSE,NCCALCSIZE_PARAMS* or RECT*,NULL,NCCALCSIZE_PARAMS* or RECT*,complex,https://learn.microsoft.com/en-us/windows/win32/winmsg/wm-nccalcsize,https://github.com/MicrosoftDocs/win32/blob/docs/desktop-src/winmsg/wm-nccalcsize.md
WM_NCHITTEST,0x0084,NULL,xPos: LOWORD. yPos: HIWORD,NULL,NULL,HT Enum (e.g. HTBORDER),https://learn.microsoft.com/en-us/windows/win32/inputdev/wm-nchittest,https://github.com/MicrosoftDocs/win32/blob/docs/desktop-src/inputdev/wm-nchittest.md
WM_NCPAINT,0x0085,HWND,NULL,NULL,NULL,LRESULT,https://learn.microsoft.com/en-us/windows/win32/gdi/wm-ncpaint,https://github.com/MicrosoftDocs/win32/blob/docs/desktop-src/gdi/wm-ncpaint.md
WM_NCACTIVATE,0x0086,TRUE/FALSE,complex,NULL,NULL,TRUE/FALSE,https://learn.microsoft.com/en-us/windows/win32/winmsg/wm-ncactivate,https://github.com/MicrosoftDocs/win32/blob/docs/desktop-src/winmsg/wm-ncactivate.md
WM_GETDLGCODE,0x0087,Enum VK,MSG*,NULL,NULL,Enum DLGC (e.g. DLGC_BUTTON),https://learn.microsoft.com/en-us/windows/win32/dlgbox/wm-getdlgcode,https://github.com/MicrosoftDocs/win32/blob/docs/desktop-src/dlgbox/wm-getdlgcode.md
WM_SYNCPAINT,0x0088,NULL,NULL,NULL,NULL,LRESULT,https://learn.microsoft.com/en-us/windows/win32/gdi/wm-syncpaint,https://github.com/MicrosoftDocs/win32/blob/docs/desktop-src/gdi/wm-syncpaint.md
WM_NCMOUSEMOVE,0x00A0,Enum HT,POINTS,NULL,NULL,LRESULT,https://learn.microsoft.com/en-us/windows/win32/inputdev/wm-ncmousemove,https://github.com/MicrosoftDocs/win32/blob/docs/desktop-src/inputdev/wm-ncmousemove.md
WM_NCLBUTTONDOWN,0x00A1,Enum HT,POINTS,NULL,NULL,LRESULT,https://learn.microsoft.com/en-us/windows/win32/inputdev/wm-nclbuttondown,https://github.com/MicrosoftDocs/win32/blob/docs/desktop-src/inputdev/wm-nclbuttondown.md
WM_NCLBUTTONUP,0x00A2,Enum HT,POINTS,NULL,NULL,LRESULT,https://learn.microsoft.com/en-us/windows/win32/inputdev/wm-nclbuttonup,https://github.com/MicrosoftDocs/win32/blob/docs/desktop-src/inputdev/wm-nclbuttonup.md
WM_NCLBUTTONDBLCLK,0x00A3,Enum HT,POINTS,NULL,NULL,LRESULT,https://learn.microsoft.com/en-us/windows/win32/inputdev/wm-nclbuttonup,https://github.com/MicrosoftDocs/win32/blob/docs/desktop-src/inputdev/wm-nclbuttonup.md
WM_NCRBUTTONDOWN,0x00A4,Enum HT,POINTS,NULL,NULL,LRESULT,https://learn.microsoft.com/en-us/windows/win32/inputdev/wm-ncrbuttondown,https://github.com/MicrosoftDocs/win32/blob/docs/desktop-src/inputdev/wm-ncrbuttondown.md
WM_NCRBUTTONUP,0x00A5,Enum HT,POINTS,NULL,NULL,LRESULT,https://learn.microsoft.com/en-us/windows/win32/inputdev/wm-ncrbuttonup,https://github.com/MicrosoftDocs/win32/blob/docs/desktop-src/inputdev/wm-ncrbuttonup.md
WM_NCRBUTTONDBLCLK,0x00A6,Enum HT,POINTS,NULL,NULL,LRESULT,https://learn.microsoft.com/en-us/windows/win32/inputdev/wm-ncrbuttondblclk,https://github.com/MicrosoftDocs/win32/blob/docs/desktop-src/inputdev/wm-ncrbuttondblclk.md
WM_NCMBUTTONDOWN,0x00A7,Enum HT,POINTS,NULL,NULL,LRESULT,https://learn.microsoft.com/en-us/windows/win32/inputdev/wm-ncmbuttondown,https://github.com/MicrosoftDocs/win32/blob/docs/desktop-src/inputdev/wm-ncmbuttondown.md
WM_NCMBUTTONUP,0x00A8,Enum HT,POINTS,NULL,NULL,LRESULT,https://learn.microsoft.com/en-us/windows/win32/inputdev/wm-ncmbuttonup,https://github.com/MicrosoftDocs/win32/blob/docs/desktop-src/inputdev/wm-ncmbuttonup.md
WM_NCMBUTTONDBLCLK,0x00A9,Enum HT,POINTS,NULL,NULL,LRESULT,https://learn.microsoft.com/en-us/windows/win32/inputdev/wm-ncmbuttondblclk,https://github.com/MicrosoftDocs/win32/blob/docs/desktop-src/inputdev/wm-ncmbuttondblclk.md
WM_NCXBUTTONDOWN,0x00AB,Enum HT: LOWORD. Enum XBUTTON: HIWORD,POINTS,NULL,NULL,TRUE/FALSE,https://learn.microsoft.com/en-us/windows/win32/inputdev/wm-ncxbuttondown,https://github.com/MicrosoftDocs/win32/blob/docs/desktop-src/inputdev/wm-ncxbuttondown.md
WM_NCXBUTTONUP,0x00AC,Enum HT: LOWORD. Enum XBUTTON: HIWORD,POINTS,NULL,NULL,TRUE/FALSE,https://learn.microsoft.com/en-us/windows/win32/inputdev/wm-ncxbuttonup,https://github.com/MicrosoftDocs/win32/blob/docs/desktop-src/inputdev/wm-ncxbuttonup.md
WM_NCXBUTTONDBLCLK,0x00AD,Enum HT: LOWORD. Enum XBUTTON: HIWORD,POINTS,NULL,NULL,TRUE/FALSE,https://learn.microsoft.com/en-us/windows/win32/inputdev/wm-ncxbuttondblclk,https://github.com/MicrosoftDocs/win32/blob/docs/desktop-src/inputdev/wm-ncxbuttondblclk.md
WM_INPUT_DEVICE_CHANGE,0x00FE,Enum GIDC_ARRIVAL,HANDLE,NULL,NULL,LRESULT,https://learn.microsoft.com/en-us/windows/win32/inputdev/wm-input-device-change,https://github.com/MicrosoftDocs/win32/blob/docs/desktop-src/inputdev/wm-input-device-change.md
WM_INPUT,0x00FF,Enum RIM (e.g. RIM_INPUT),HRAWINPUT,NULL,NULL,LRESULT,https://learn.microsoft.com/en-us/windows/win32/inputdev/wm-input,https://github.com/MicrosoftDocs/win32/blob/docs/desktop-src/inputdev/wm-input.md
WM_KEYDOWN,0x0100,Enum VK,complex,NULL,NULL,LRESULT,https://learn.microsoft.com/en-us/windows/win32/inputdev/wm-keydown,https://github.com/MicrosoftDocs/win32/blob/docs/desktop-src/inputdev/wm-keydown.md
WM_KEYUP,0x0101,Enum VK,complex,NULL,NULL,LRESULT,https://learn.microsoft.com/en-us/windows/win32/inputdev/wm-keyup,https://github.com/MicrosoftDocs/win32/blob/docs/desktop-src/inputdev/wm-keyup.md
WM_CHAR,0x0102,Enum VK,complex,NULL,NULL,LRESULT,https://learn.microsoft.com/en-us/windows/win32/inputdev/wm-char,https://github.com/MicrosoftDocs/win32/blob/docs/desktop-src/inputdev/wm-char.md
WM_DEADCHAR,0x0103,Enum VK,complex,NULL,NULL,LRESULT,https://learn.microsoft.com/en-us/windows/win32/inputdev/wm-deadchar,https://github.com/MicrosoftDocs/win32/blob/docs/desktop-src/inputdev/wm-deadchar.md
WM_SYSKEYDOWN,0x0104,Enum VK,complex,NULL,NULL,LRESULT,https://learn.microsoft.com/en-us/windows/win32/inputdev/wm-syskeydown,https://github.com/MicrosoftDocs/win32/blob/docs/desktop-src/inputdev/wm-syskeydown.md
WM_SYSKEYUP,0x0105,Enum VK,complex,NULL,NULL,LRESULT,https://learn.microsoft.com/en-us/windows/win32/inputdev/wm-syskeyup,https://github.com/MicrosoftDocs/win32/blob/docs/desktop-src/inputdev/wm-syskeyup.md
WM_SYSCHAR,0x0106,Enum VK,complex,NULL,NULL,LRESULT,https://learn.microsoft.com/en-us/windows/win32/menurc/wm-syschar,https://github.com/MicrosoftDocs/win32/blob/docs/desktop-src/menurc/wm-syschar.md
WM_SYSDEADCHAR,0x0107,Enum VK,complex,NULL,NULL,LRESULT,https://learn.microsoft.com/en-us/windows/win32/inputdev/wm-sysdeadchar,https://github.com/MicrosoftDocs/win32/blob/docs/desktop-src/inputdev/wm-sysdeadchar.md
WM_UNICHAR,0x0109,complex,complex,NULL,NULL,LRESULT,https://learn.microsoft.com/en-us/windows/win32/inputdev/wm-unichar,https://github.com/MicrosoftDocs/win32/blob/docs/desktop-src/inputdev/wm-unichar.md
WM_IME_STARTCOMPOSITION,0x010D,NULL,NULL,NULL,NULL,LRESULT,https://learn.microsoft.com/en-us/windows/win32/intl/wm-ime-startcomposition,https://github.com/MicrosoftDocs/win32/blob/docs/desktop-src/Intl/wm-ime-startcomposition.md
WM_IME_ENDCOMPOSITION,0x010E,NULL,NULL,NULL,NULL,LRESULT,https://learn.microsoft.com/en-us/windows/win32/intl/wm-ime-endcomposition,https://github.com/MicrosoftDocs/win32/blob/docs/desktop-src/Intl/wm-ime-endcomposition.md
WM_IME_COMPOSITION,0x010F,DBCS character,Enum GCS (e.g. GCS_COMPATTR) / Enum CS 9e.g. CS_INSERTCHAR),NULL,NULL,LRESULT,https://learn.microsoft.com/en-us/windows/win32/intl/wm-ime-composition,https://github.com/MicrosoftDocs/win32/blob/docs/desktop-src/Intl/wm-ime-composition.md
WM_INITDIALOG,0x0110,handle,complex,NULL,NULL,TRUE/FALSE,https://learn.microsoft.com/en-us/windows/win32/dlgbox/wm-initdialog,https://github.com/MicrosoftDocs/win32/blob/docs/desktop-src/dlgbox/wm-initdialog.md
WM_COMMAND,0x0111,complex,complex,NULL,NULL,LRESULT,https://learn.microsoft.com/en-us/windows/win32/menurc/wm-command,https://github.com/MicrosoftDocs/win32/blob/docs/desktop-src/menurc/wm-command.md
WM_SYSCOMMAND,0x0112,Enum SC (e.g. SC_CLOSE): HIWORD,"xPos: LOWORD. yPos: HIWORD, key code when SC_KEYMENU",NULL,NULL,LRESULT,https://learn.microsoft.com/en-us/windows/win32/menurc/wm-syscommand,https://github.com/MicrosoftDocs/win32/blob/docs/desktop-src/menurc/wm-syscommand.md
WM_TIMER,0x0113,Timer identifier,callback function,NULL,NULL,LRESULT,https://learn.microsoft.com/en-us/windows/win32/winmsg/wm-timer,https://github.com/MicrosoftDocs/win32/blob/docs/desktop-src/winmsg/wm-timer.md
WM_HSCROLL,0x0114,current position: HIWORD. Enum SB (e.g. SB_ENDSCROLL): LOWORD,HWND,NULL,NULL,LRESULT,https://learn.microsoft.com/en-us/windows/win32/controls/wm-hscroll,https://github.com/MicrosoftDocs/win32/blob/docs/desktop-src/Controls/wm-hscroll.md
WM_VSCROLL,0x0115,current position: HIWORD. Enum SB (e.g. SB_ENDSCROLL): LOWORD,HWND,NULL,NULL,LRESULT,https://learn.microsoft.com/en-us/windows/win32/controls/wm-vscroll,https://github.com/MicrosoftDocs/win32/blob/docs/desktop-src/Controls/wm-vscroll.md
WM_INITMENU,0x0116,HWND,NULL,NULL,NULL,LRESULT,https://learn.microsoft.com/en-us/windows/win32/menurc/wm-initmenu,https://github.com/MicrosoftDocs/win32/blob/docs/desktop-src/menurc/wm-initmenu.md
WM_INITMENUPOPUP,0x0117,HWND,position: LOWORD. isWindowMenu: BOOL,NULL,NULL,LRESULT,https://learn.microsoft.com/en-us/windows/win32/menurc/wm-initmenupopup,https://github.com/MicrosoftDocs/win32/blob/docs/desktop-src/menurc/wm-initmenupopup.md
WM_GESTURE,0x0119,gesture info,Handle,NULL,NULL,LRESULT,https://learn.microsoft.com/en-us/windows/win32/wintouch/wm-gesture,https://github.com/MicrosoftDocs/win32/blob/docs/desktop-src/wintouch/wm-gesture.md
WM_GESTURENOTIFY,0x011A,NULL,GESTURENOTIFYSTRUCT*,NULL,NULL,LRESULT,https://learn.microsoft.com/en-us/windows/win32/wintouch/wm-gesturenotify,https://github.com/MicrosoftDocs/win32/blob/docs/desktop-src/wintouch/wm-gesturenotify.md
WM_MENUSELECT,0x011F,complex: LOWORD. Enum MF: HIWORD,HWND,NULL,NULL,LRESULT,https://learn.microsoft.com/en-us/windows/win32/menurc/wm-menuselect,https://github.com/MicrosoftDocs/win32/blob/docs/desktop-src/menurc/wm-menuselect.md
WM_MENUCHAR,0x0120,Enum VK: LOWORD. Enum MF: HIWORD,HWND,NULL,NULL,Enum MNC: HIWORD,https://learn.microsoft.com/en-us/windows/win32/menurc/wm-menuchar,https://github.com/MicrosoftDocs/win32/blob/docs/desktop-src/menurc/wm-menuchar.md
WM_ENTERIDLE,0x0121,Enum MSGF,HWND,NULL,NULL,LRESULT,https://learn.microsoft.com/en-us/windows/win32/dlgbox/wm-enteridle,https://github.com/MicrosoftDocs/win32/blob/docs/desktop-src/dlgbox/wm-enteridle.md
WM_MENURBUTTONUP,0x0122,Menu Item Index,NULL,NULL,NULL,LRESULT,https://learn.microsoft.com/en-us/windows/win32/menurc/wm-menurbuttonup,https://github.com/MicrosoftDocs/win32/blob/docs/desktop-src/menurc/wm-menurbuttonup.md
WM_MENUDRAG,0x0123,Position,HWND,NULL,NULL,Enum MND,https://learn.microsoft.com/en-us/windows/win32/menurc/wm-menudrag,https://github.com/MicrosoftDocs/win32/blob/docs/desktop-src/menurc/wm-menudrag.md
WM_MENUGETOBJECT,0x0124,NULL,MENUGETOBJECTINFO*,NULL,NULL,Enum MNGO,https://learn.microsoft.com/en-us/windows/win32/menurc/wm-menugetobject,https://github.com/MicrosoftDocs/win32/blob/docs/desktop-src/menurc/wm-menugetobject.md
WM_UNINITMENUPOPUP,0x0125,HWND,MF_SYSMENU,NULL,NULL,LRESULT,https://learn.microsoft.com/en-us/windows/win32/menurc/wm-uninitmenupopup,https://github.com/MicrosoftDocs/win32/blob/docs/desktop-src/menurc/wm-uninitmenupopup.md
WM_MENUCOMMAND,0x0126,Item Index,HWND,NULL,NULL,LRESULT,https://learn.microsoft.com/en-us/windows/win32/menurc/wm-menucommand,https://github.com/MicrosoftDocs/win32/blob/docs/desktop-src/menurc/wm-menucommand.md
WM_CHANGEUISTATE,0x0127,Enum UIS: LOWORD. Enum UISF: HIWORD,NULL,NULL,NULL,LRESULT,https://learn.microsoft.com/en-us/windows/win32/menurc/wm-changeuistate,https://github.com/MicrosoftDocs/win32/blob/docs/desktop-src/menurc/wm-changeuistate.md
WM_UPDATEUISTATE,0x0128,Enum UIS: LOWORD. Enum UISF: HIWORD,NULL,NULL,NULL,LRESULT,https://learn.microsoft.com/en-us/windows/win32/menurc/wm-updateuistate,https://github.com/MicrosoftDocs/win32/blob/docs/desktop-src/menurc/wm-updateuistate.md
WM_QUERYUISTATE,0x0129,NULL,NULL,NULL,NULL,Enum UISF,https://learn.microsoft.com/en-us/windows/win32/menurc/wm-queryuistate,https://github.com/MicrosoftDocs/win32/blob/docs/desktop-src/menurc/wm-queryuistate.md
WM_CTLCOLORMSGBOX,0x0132,,,,,,,
WM_CTLCOLOREDIT,0x0133,HDC,HWND,NULL,NULL,HBRUSH,https://learn.microsoft.com/en-us/windows/win32/controls/wm-ctlcoloredit,https://github.com/MicrosoftDocs/win32/blob/docs/desktop-src/Controls/wm-ctlcoloredit.md
WM_CTLCOLORLISTBOX,0x0134,HDC,HWND,NULL,NULL,HBRUSH,https://learn.microsoft.com/en-us/windows/win32/controls/wm-ctlcolorlistbox,https://github.com/MicrosoftDocs/win32/blob/docs/desktop-src/Controls/wm-ctlcolorlistbox.md
WM_CTLCOLORBTN,0x0135,HDC,HWND,NULL,NULL,HBRUSH,https://learn.microsoft.com/en-us/windows/win32/controls/wm-ctlcolorbtn,https://github.com/MicrosoftDocs/win32/blob/docs/desktop-src/Controls/wm-ctlcolorbtn.md
WM_CTLCOLORDLG,0x0136,HDC,HWND,NULL,NULL,HBRUSH,https://learn.microsoft.com/en-us/windows/win32/dlgbox/wm-ctlcolordlg,https://github.com/MicrosoftDocs/win32/blob/docs/desktop-src/dlgbox/wm-ctlcolordlg.md
WM_CTLCOLORSCROLLBAR,0x0137,HDC,HWND,NULL,NULL,HBRUSH,https://learn.microsoft.com/en-us/windows/win32/controls/wm-ctlcolorscrollbar,https://github.com/MicrosoftDocs/win32/blob/docs/desktop-src/Controls/wm-ctlcolorscrollbar.md
WM_CTLCOLORSTATIC,0x0138,HDC,HWND,NULL,NULL,HBRUSH,https://learn.microsoft.com/en-us/windows/win32/controls/wm-ctlcolorstatic,https://github.com/MicrosoftDocs/win32/blob/docs/desktop-src/Controls/wm-ctlcolorstatic.md
WM_MOUSEMOVE,0x0200,Enum MK,"xPos: LOWORD, yPos: HIWORD",NULL,NULL,LRESULT,https://learn.microsoft.com/en-us/windows/win32/inputdev/wm-mousemove,https://github.com/MicrosoftDocs/win32/blob/docs/desktop-src/inputdev/wm-mousemove.md
WM_LBUTTONDOWN,0x0201,Enum MK,"xPos: LOWORD, yPos: HIWORD",NULL,NULL,LRESULT,https://learn.microsoft.com/en-us/windows/win32/inputdev/wm-lbuttondown,https://github.com/MicrosoftDocs/win32/blob/docs/desktop-src/inputdev/wm-lbuttondown.md
WM_LBUTTONUP,0x0202,Enum MK,"xPos: LOWORD, yPos: HIWORD",NULL,NULL,LRESULT,https://learn.microsoft.com/en-us/windows/win32/inputdev/wm-lbuttonup,https://github.com/MicrosoftDocs/win32/blob/docs/desktop-src/inputdev/wm-lbuttonup.md
WM_LBUTTONDBLCLK,0x0203,Enum MK,"xPos: LOWORD, yPos: HIWORD",NULL,NULL,LRESULT,https://learn.microsoft.com/en-us/windows/win32/inputdev/wm-lbuttondblclk,https://github.com/MicrosoftDocs/win32/blob/docs/desktop-src/inputdev/wm-lbuttondblclk.md
WM_RBUTTONDOWN,0x0204,Enum MK,"xPos: LOWORD, yPos: HIWORD",NULL,NULL,LRESULT,https://learn.microsoft.com/en-us/windows/win32/inputdev/wm-rbuttondown,https://github.com/MicrosoftDocs/win32/blob/docs/desktop-src/inputdev/wm-rbuttondown.md
WM_RBUTTONUP,0x0205,Enum MK,"xPos: LOWORD, yPos: HIWORD",NULL,NULL,LRESULT,https://learn.microsoft.com/en-us/windows/win32/inputdev/wm-rbuttonup,https://github.com/MicrosoftDocs/win32/blob/docs/desktop-src/inputdev/wm-rbuttonup.md
WM_RBUTTONDBLCLK,0x0206,Enum MK,"xPos: LOWORD, yPos: HIWORD",NULL,NULL,LRESULT,https://learn.microsoft.com/en-us/windows/win32/inputdev/wm-rbuttondblclk,https://github.com/MicrosoftDocs/win32/blob/docs/desktop-src/inputdev/wm-rbuttondblclk.md
WM_MBUTTONDOWN,0x0207,Enum MK,"xPos: LOWORD, yPos: HIWORD",NULL,NULL,LRESULT,https://learn.microsoft.com/en-us/windows/win32/inputdev/wm-mbuttondown,https://github.com/MicrosoftDocs/win32/blob/docs/desktop-src/inputdev/wm-mbuttondown.md
WM_MBUTTONUP,0x0208,Enum MK,"xPos: LOWORD, yPos: HIWORD",NULL,NULL,LRESULT,https://learn.microsoft.com/en-us/windows/win32/inputdev/wm-mbuttonup,https://github.com/MicrosoftDocs/win32/blob/docs/desktop-src/inputdev/wm-mbuttonup.md
WM_MBUTTONDBLCLK,0x0209,Enum MK,"xPos: LOWORD, yPos: HIWORD",NULL,NULL,LRESULT,https://learn.microsoft.com/en-us/windows/win32/inputdev/wm-mbuttondblclk,https://github.com/MicrosoftDocs/win32/blob/docs/desktop-src/inputdev/wm-mbuttondblclk.md
WM_MOUSEWHEEL,0x020A,complex: HIWORD. Enum MK: LOWORD,"xPos: LOWORD, yPos: HIWORD",NULL,NULL,LRESULT,https://learn.microsoft.com/en-us/windows/win32/inputdev/wm-mousewheel,https://github.com/MicrosoftDocs/win32/blob/docs/desktop-src/inputdev/wm-mousewheel.md
WM_XBUTTONDOWN,0x020B,Enum MK: LOWORD. Enum XBUTTON: HIWORD,"xPos: LOWORD, yPos: HIWORD",NULL,NULL,TRUE/FALSE,https://learn.microsoft.com/en-us/windows/win32/inputdev/wm-xbuttondown,https://github.com/MicrosoftDocs/win32/blob/docs/desktop-src/inputdev/wm-xbuttondown.md
WM_XBUTTONUP,0x020C,Enum MK: LOWORD. Enum XBUTTON: HIWORD,"xPos: LOWORD, yPos: HIWORD",NULL,NULL,TRUE/FALSE,https://learn.microsoft.com/en-us/windows/win32/inputdev/wm-xbuttonup,https://github.com/MicrosoftDocs/win32/blob/docs/desktop-src/inputdev/wm-xbuttonup.md
WM_XBUTTONDBLCLK,0x020D,Enum MK: LOWORD. Enum XBUTTON: HIWORD,"xPos: LOWORD, yPos: HIWORD",NULL,NULL,TRUE/FALSE,https://learn.microsoft.com/en-us/windows/win32/inputdev/wm-xbuttondblclk,https://github.com/MicrosoftDocs/win32/blob/docs/desktop-src/inputdev/wm-xbuttondblclk.md
WM_MOUSEHWHEEL,0x020E,complex: HIWORD. Enum MK: LOWORD,"xPos: LOWORD, yPos: HIWORD",NULL,NULL,LRESULT,https://learn.microsoft.com/en-us/windows/win32/inputdev/wm-mousehwheel,https://github.com/MicrosoftDocs/win32/blob/docs/desktop-src/inputdev/wm-mousehwheel.md
WM_MOUSELAST,0x020E,,,,,,,
WM_MOUSELAST,0x020D,,,,,,,
WM_MOUSELAST,0x020A,,,,,,,
WM_MOUSELAST,0x0209,,,,,,,
WM_PARENTNOTIFY,0x0210,"ENUM WM: LOWORD, complex: HIWORD",X and Y coordinates,NULL,NULL,LRESULT,https://learn.microsoft.com/en-us/windows/win32/inputmsg/wm-parentnotify,https://github.com/MicrosoftDocs/win32/blob/docs/desktop-src/inputmsg/wm-parentnotify.md
WM_ENTERMENULOOP,0x0211,TRUE/FALSE,NULL,NULL,NULL,LRESULT,https://learn.microsoft.com/en-us/windows/win32/menurc/wm-entermenuloop,https://github.com/MicrosoftDocs/win32/blob/docs/desktop-src/menurc/wm-entermenuloop.md
WM_EXITMENULOOP,0x0212,TRUE/FALSE,NULL,NULL,NULL,LRESULT,https://learn.microsoft.com/en-us/windows/win32/menurc/wm-exitmenuloop,https://github.com/MicrosoftDocs/win32/blob/docs/desktop-src/menurc/wm-exitmenuloop.md
WM_NEXTMENU,0x0213,Enum VK,MDINEXTMENU*,NULL,MDINEXTMENU*,LRESULT,https://learn.microsoft.com/en-us/windows/win32/menurc/wm-nextmenu,https://github.com/MicrosoftDocs/win32/blob/docs/desktop-src/menurc/wm-nextmenu.md
WM_SIZING,0x0214,,,,,,https://learn.microsoft.com/en-us/windows/win32/winmsg/wm-sizing,https://github.com/MicrosoftDocs/win32/blob/docs/desktop-src/winmsg/wm-sizing.md
WM_CAPTURECHANGED,0x0215,,,,,,https://learn.microsoft.com/en-us/windows/win32/inputdev/wm-capturechanged,https://github.com/MicrosoftDocs/win32/blob/docs/desktop-src/inputdev/wm-capturechanged.md
WM_MOVING,0x0216,,,,,,https://learn.microsoft.com/en-us/windows/win32/winmsg/wm-moving,https://github.com/MicrosoftDocs/win32/blob/docs/desktop-src/winmsg/wm-moving.md
WM_POWERBROADCAST,0x0218,,,,,,https://learn.microsoft.com/en-us/windows/win32/power/wm-powerbroadcast,https://github.com/MicrosoftDocs/win32/blob/docs/desktop-src/Power/wm-powerbroadcast.md
WM_DEVICECHANGE,0x0219,,,,,,https://learn.microsoft.com/en-us/windows/win32/devio/wm-devicechange,https://github.com/MicrosoftDocs/win32/blob/docs/desktop-src/DevIO/wm-devicechange.md
WM_MDICREATE,0x0220,,,,,,https://learn.microsoft.com/en-us/windows/win32/winmsg/wm-mdicreate,https://github.com/MicrosoftDocs/win32/blob/docs/desktop-src/winmsg/wm-mdicreate.md
WM_MDIDESTROY,0x0221,,,,,,https://learn.microsoft.com/en-us/windows/win32/winmsg/wm-mdidestroy,https://github.com/MicrosoftDocs/win32/blob/docs/desktop-src/winmsg/wm-mdidestroy.md
WM_MDIACTIVATE,0x0222,,,,,,https://learn.microsoft.com/en-us/windows/win32/winmsg/wm-mdiactivate,https://github.com/MicrosoftDocs/win32/blob/docs/desktop-src/winmsg/wm-mdiactivate.md
WM_MDIRESTORE,0x0223,,,,,,https://learn.microsoft.com/en-us/windows/win32/winmsg/wm-mdirestore,https://github.com/MicrosoftDocs/win32/blob/docs/desktop-src/winmsg/wm-mdirestore.md
WM_MDINEXT,0x0224,,,,,,https://learn.microsoft.com/en-us/windows/win32/winmsg/wm-mdinext,https://github.com/MicrosoftDocs/win32/blob/docs/desktop-src/winmsg/wm-mdinext.md
WM_MDIMAXIMIZE,0x0225,,,,,,https://learn.microsoft.com/en-us/windows/win32/winmsg/wm-mdimaximize,https://github.com/MicrosoftDocs/win32/blob/docs/desktop-src/winmsg/wm-mdimaximize.md
WM_MDITILE,0x0226,,,,,,https://learn.microsoft.com/en-us/windows/win32/winmsg/wm-mditile,https://github.com/MicrosoftDocs/win32/blob/docs/desktop-src/winmsg/wm-mditile.md
WM_MDICASCADE,0x0227,,,,,,https://learn.microsoft.com/en-us/windows/win32/winmsg/wm-mdicascade,https://github.com/MicrosoftDocs/win32/blob/docs/desktop-src/winmsg/wm-mdicascade.md
WM_MDIICONARRANGE,0x0228,,,,,,https://learn.microsoft.com/en-us/windows/win32/winmsg/wm-mdiiconarrange,https://github.com/MicrosoftDocs/win32/blob/docs/desktop-src/winmsg/wm-mdiiconarrange.md
WM_MDIGETACTIVE,0x0229,,,,,,https://learn.microsoft.com/en-us/windows/win32/winmsg/wm-mdigetactive,https://github.com/MicrosoftDocs/win32/blob/docs/desktop-src/winmsg/wm-mdigetactive.md
WM_MDISETMENU,0x0230,,,,,,https://learn.microsoft.com/en-us/windows/win32/winmsg/wm-mdisetmenu,https://github.com/MicrosoftDocs/win32/blob/docs/desktop-src/winmsg/wm-mdisetmenu.md
WM_ENTERSIZEMOVE,0x0231,,,,,,https://learn.microsoft.com/en-us/windows/win32/winmsg/wm-entersizemove,https://github.com/MicrosoftDocs/win32/blob/docs/desktop-src/winmsg/wm-entersizemove.md
WM_EXITSIZEMOVE,0x0232,,,,,,https://learn.microsoft.com/en-us/windows/win32/winmsg/wm-exitsizemove,https://github.com/MicrosoftDocs/win32/blob/docs/desktop-src/winmsg/wm-exitsizemove.md
WM_DROPFILES,0x0233,,,,,,https://learn.microsoft.com/en-us/windows/win32/shell/wm-dropfiles,https://github.com/MicrosoftDocs/win32/blob/docs/desktop-src/shell/wm-dropfiles.md
WM_MDIREFRESHMENU,0x0234,,,,,,https://learn.microsoft.com/en-us/windows/win32/winmsg/wm-mdirefreshmenu,https://github.com/MicrosoftDocs/win32/blob/docs/desktop-src/winmsg/wm-mdirefreshmenu.md
WM_POINTERDEVICECHANGE,0x238,,,,,,https://learn.microsoft.com/en-us/windows/win32/inputmsg/wm-pointerdevicechange,https://github.com/MicrosoftDocs/win32/blob/docs/desktop-src/inputmsg/wm-pointerdevicechange.md
WM_POINTERDEVICEINRANGE,0x239,,,,,,https://learn.microsoft.com/en-us/windows/win32/inputmsg/wm-pointerdeviceinrange,https://github.com/MicrosoftDocs/win32/blob/docs/desktop-src/inputmsg/wm-pointerdeviceinrange.md
WM_POINTERDEVICEOUTOFRANGE,0x23A,,,,,,https://learn.microsoft.com/en-us/windows/win32/inputmsg/wm-pointerdeviceoutofrange,https://github.com/MicrosoftDocs/win32/blob/docs/desktop-src/inputmsg/wm-pointerdeviceoutofrange.md
WM_TOUCH,0x0240,,,,,,https://learn.microsoft.com/en-us/windows/win32/wintouch/wm-touchdown,https://github.com/MicrosoftDocs/win32/blob/docs/desktop-src/wintouch/wm-touchdown.md
WM_NCPOINTERUPDATE,0x0241,,,,,,https://learn.microsoft.com/en-us/windows/win32/inputmsg/wm-ncpointerupdate,https://github.com/MicrosoftDocs/win32/blob/docs/desktop-src/inputmsg/wm-ncpointerupdate.md
WM_NCPOINTERDOWN,0x0242,,,,,,https://learn.microsoft.com/en-us/windows/win32/inputmsg/wm-ncpointerdown,https://github.com/MicrosoftDocs/win32/blob/docs/desktop-src/inputmsg/wm-ncpointerdown.md
WM_NCPOINTERUP,0x0243,,,,,,https://learn.microsoft.com/en-us/windows/win32/inputmsg/wm-ncpointerup,https://github.com/MicrosoftDocs/win32/blob/docs/desktop-src/inputmsg/wm-ncpointerup.md
WM_POINTERUPDATE,0x0245,,,,,,https://learn.microsoft.com/en-us/windows/win32/inputmsg/wm-pointerupdate,https://github.com/MicrosoftDocs/win32/blob/docs/desktop-src/inputmsg/wm-pointerupdate.md
WM_POINTERDOWN,0x0246,,,,,,https://learn.microsoft.com/en-us/windows/win32/inputmsg/wm-pointerdown,https://github.com/MicrosoftDocs/win32/blob/docs/desktop-src/inputmsg/wm-pointerdown.md
WM_POINTERUP,0x0247,,,,,,https://learn.microsoft.com/en-us/windows/win32/inputmsg/wm-pointerup,https://github.com/MicrosoftDocs/win32/blob/docs/desktop-src/inputmsg/wm-pointerup.md
WM_POINTERENTER,0x0249,,,,,,https://learn.microsoft.com/en-us/windows/win32/inputmsg/wm-pointerenter,https://github.com/MicrosoftDocs/win32/blob/docs/desktop-src/inputmsg/wm-pointerenter.md
WM_POINTERLEAVE,0x024A,,,,,,https://learn.microsoft.com/en-us/windows/win32/inputmsg/wm-pointerleave,https://github.com/MicrosoftDocs/win32/blob/docs/desktop-src/inputmsg/wm-pointerleave.md
WM_POINTERACTIVATE,0x024B,,,,,,https://learn.microsoft.com/en-us/windows/win32/inputmsg/wm-pointeractivate,https://github.com/MicrosoftDocs/win32/blob/docs/desktop-src/inputmsg/wm-pointeractivate.md
WM_POINTERCAPTURECHANGED,0x024C,,,,,,https://learn.microsoft.com/en-us/windows/win32/inputmsg/wm-pointercapturechanged,https://github.com/MicrosoftDocs/win32/blob/docs/desktop-src/inputmsg/wm-pointercapturechanged.md
WM_TOUCHHITTESTING,0x024D,,,,,,https://learn.microsoft.com/en-us/windows/win32/inputmsg/wm-touchhittesting,https://github.com/MicrosoftDocs/win32/blob/docs/desktop-src/inputmsg/wm-touchhittesting.md
WM_POINTERWHEEL,0x024E,,,,,,https://learn.microsoft.com/en-us/windows/win32/inputmsg/wm-pointerwheel,https://github.com/MicrosoftDocs/win32/blob/docs/desktop-src/inputmsg/wm-pointerwheel.md
WM_POINTERHWHEEL,0x024F,,,,,,https://learn.microsoft.com/en-us/windows/win32/inputmsg/wm-pointerhwheel,https://github.com/MicrosoftDocs/win32/blob/docs/desktop-src/inputmsg/wm-pointerhwheel.md
WM_IME_SETCONTEXT,0x0281,,,,,,https://learn.microsoft.com/en-us/windows/win32/intl/wm-ime-setcontext,https://github.com/MicrosoftDocs/win32/blob/docs/desktop-src/Intl/wm-ime-setcontext.md
WM_IME_NOTIFY,0x0282,,,,,,https://learn.microsoft.com/en-us/windows/win32/intl/wm-ime-notify,https://github.com/MicrosoftDocs/win32/blob/docs/desktop-src/Intl/wm-ime-notify.md
WM_IME_CONTROL,0x0283,,,,,,https://learn.microsoft.com/en-us/windows/win32/intl/wm-ime-control,https://github.com/MicrosoftDocs/win32/blob/docs/desktop-src/Intl/wm-ime-control.md
WM_IME_COMPOSITIONFULL,0x0284,,,,,,https://learn.microsoft.com/en-us/windows/win32/intl/wm-ime-compositionfull,https://github.com/MicrosoftDocs/win32/blob/docs/desktop-src/Intl/wm-ime-compositionfull.md
WM_IME_SELECT,0x0285,,,,,,https://learn.microsoft.com/en-us/windows/win32/intl/wm-ime-select,https://github.com/MicrosoftDocs/win32/blob/docs/desktop-src/Intl/wm-ime-select.md
WM_IME_CHAR,0x0286,,,,,,https://learn.microsoft.com/en-us/windows/win32/intl/wm-ime-char,https://github.com/MicrosoftDocs/win32/blob/docs/desktop-src/Intl/wm-ime-char.md
WM_IME_REQUEST,0x0288,,,,,,https://learn.microsoft.com/en-us/windows/win32/intl/wm-ime-request,https://github.com/MicrosoftDocs/win32/blob/docs/desktop-src/Intl/wm-ime-request.md
WM_IME_KEYDOWN,0x0290,,,,,,https://learn.microsoft.com/en-us/windows/win32/intl/wm-ime-keydown,https://github.com/MicrosoftDocs/win32/blob/docs/desktop-src/Intl/wm-ime-keydown.md
WM_IME_KEYUP,0x0291,,,,,,https://learn.microsoft.com/en-us/windows/win32/intl/wm-ime-keyup,https://github.com/MicrosoftDocs/win32/blob/docs/desktop-src/Intl/wm-ime-keyup.md
WM_MOUSEHOVER,0x02A1,,,,,,https://learn.microsoft.com/en-us/windows/win32/inputdev/wm-mousehover,https://github.com/MicrosoftDocs/win32/blob/docs/desktop-src/inputdev/wm-mousehover.md
WM_MOUSELEAVE,0x02A3,,,,,,https://learn.microsoft.com/en-us/windows/win32/inputdev/wm-mouseleave,https://github.com/MicrosoftDocs/win32/blob/docs/desktop-src/inputdev/wm-mouseleave.md
WM_NCMOUSEHOVER,0x02A0,,,,,,https://learn.microsoft.com/en-us/windows/win32/inputdev/wm-ncmousehover,https://github.com/MicrosoftDocs/win32/blob/docs/desktop-src/inputdev/wm-ncmousehover.md
WM_NCMOUSELEAVE,0x02A2,,,,,,https://learn.microsoft.com/en-us/windows/win32/inputdev/wm-ncmouseleave,https://github.com/MicrosoftDocs/win32/blob/docs/desktop-src/inputdev/wm-ncmouseleave.md
WM_WTSSESSION_CHANGE,0x02B1,,,,,,https://learn.microsoft.com/en-us/windows/win32/termserv/wm-wtssession-change,https://github.com/MicrosoftDocs/win32/blob/docs/desktop-src/TermServ/wm-wtssession-change.md
WM_TABLET_FIRST,0x02c0,,,,,,,
WM_TABLET_LAST,0x02df,,,,,,,
WM_CUT,0x0300,,,,,,https://learn.microsoft.com/en-us/windows/win32/dataxchg/wm-cut,https://github.com/MicrosoftDocs/win32/blob/docs/desktop-src/dataxchg/wm-cut.md
WM_COPY,0x0301,,,,,,https://learn.microsoft.com/en-us/windows/win32/dataxchg/wm-copy,https://github.com/MicrosoftDocs/win32/blob/docs/desktop-src/dataxchg/wm-copy.md
WM_PASTE,0x0302,,,,,,https://learn.microsoft.com/en-us/windows/win32/dataxchg/wm-paste,https://github.com/MicrosoftDocs/win32/blob/docs/desktop-src/dataxchg/wm-paste.md
WM_CLEAR,0x0303,,,,,,https://learn.microsoft.com/en-us/windows/win32/dataxchg/wm-clear,https://github.com/MicrosoftDocs/win32/blob/docs/desktop-src/dataxchg/wm-clear.md
WM_UNDO,0x0304,,,,,,https://learn.microsoft.com/en-us/windows/win32/controls/wm-undo,https://github.com/MicrosoftDocs/win32/blob/docs/desktop-src/Controls/wm-undo.md
WM_RENDERFORMAT,0x0305,,,,,,https://learn.microsoft.com/en-us/windows/win32/dataxchg/wm-renderformat,https://github.com/MicrosoftDocs/win32/blob/docs/desktop-src/dataxchg/wm-renderformat.md
WM_RENDERALLFORMATS,0x0306,,,,,,https://learn.microsoft.com/en-us/windows/win32/dataxchg/wm-renderallformats,https://github.com/MicrosoftDocs/win32/blob/docs/desktop-src/dataxchg/wm-renderallformats.md
WM_DESTROYCLIPBOARD,0x0307,,,,,,https://learn.microsoft.com/en-us/windows/win32/dataxchg/wm-destroyclipboard,https://github.com/MicrosoftDocs/win32/blob/docs/desktop-src/dataxchg/wm-destroyclipboard.md
WM_DRAWCLIPBOARD,0x0308,,,,,,https://learn.microsoft.com/en-us/windows/win32/dataxchg/wm-drawclipboard,https://github.com/MicrosoftDocs/win32/blob/docs/desktop-src/dataxchg/wm-drawclipboard.md
WM_PAINTCLIPBOARD,0x0309,,,,,,https://learn.microsoft.com/en-us/windows/win32/dataxchg/wm-paintclipboard,https://github.com/MicrosoftDocs/win32/blob/docs/desktop-src/dataxchg/wm-paintclipboard.md
WM_VSCROLLCLIPBOARD,0x030A,,,,,,https://learn.microsoft.com/en-us/windows/win32/dataxchg/wm-vscrollclipboard,https://github.com/MicrosoftDocs/win32/blob/docs/desktop-src/dataxchg/wm-vscrollclipboard.md
WM_SIZECLIPBOARD,0x030B,,,,,,https://learn.microsoft.com/en-us/windows/win32/dataxchg/wm-sizeclipboard,https://github.com/MicrosoftDocs/win32/blob/docs/desktop-src/dataxchg/wm-sizeclipboard.md
WM_ASKCBFORMATNAME,0x030C,,,,,,https://learn.microsoft.com/en-us/windows/win32/dataxchg/wm-askcbformatname,https://github.com/MicrosoftDocs/win32/blob/docs/desktop-src/dataxchg/wm-askcbformatname.md
WM_CHANGECBCHAIN,0x030D,,,,,,https://learn.microsoft.com/en-us/windows/win32/dataxchg/wm-changecbchain,https://github.com/MicrosoftDocs/win32/blob/docs/desktop-src/dataxchg/wm-changecbchain.md
WM_HSCROLLCLIPBOARD,0x030E,,,,,,https://learn.microsoft.com/en-us/windows/win32/dataxchg/wm-hscrollclipboard,https://github.com/MicrosoftDocs/win32/blob/docs/desktop-src/dataxchg/wm-hscrollclipboard.md
WM_QUERYNEWPALETTE,0x030F,,,,,,https://learn.microsoft.com/en-us/windows/win32/gdi/wm-querynewpalette,https://github.com/MicrosoftDocs/win32/blob/docs/desktop-src/gdi/wm-querynewpalette.md
WM_PALETTEISCHANGING,0x0310,,,,,,https://learn.microsoft.com/en-us/windows/win32/gdi/wm-paletteischanging,https://github.com/MicrosoftDocs/win32/blob/docs/desktop-src/gdi/wm-paletteischanging.md
WM_PALETTECHANGED,0x0311,,,,,,https://learn.microsoft.com/en-us/windows/win32/gdi/wm-palettechanged,https://github.com/MicrosoftDocs/win32/blob/docs/desktop-src/gdi/wm-palettechanged.md
WM_HOTKEY,0x0312,,,,,,https://learn.microsoft.com/en-us/windows/win32/inputdev/wm-hotkey,https://github.com/MicrosoftDocs/win32/blob/docs/desktop-src/inputdev/wm-hotkey.md
WM_PRINT,0x0317,,,,,,https://learn.microsoft.com/en-us/windows/win32/gdi/wm-print,https://github.com/MicrosoftDocs/win32/blob/docs/desktop-src/gdi/wm-print.md
WM_PRINTCLIENT,0x0318,,,,,,https://learn.microsoft.com/en-us/windows/win32/gdi/wm-printclient,https://github.com/MicrosoftDocs/win32/blob/docs/desktop-src/gdi/wm-printclient.md
WM_APPCOMMAND,0x0319,,,,,,https://learn.microsoft.com/en-us/windows/win32/inputdev/wm-appcommand,https://github.com/MicrosoftDocs/win32/blob/docs/desktop-src/inputdev/wm-appcommand.md
WM_THEMECHANGED,0x031A,,,,,,https://learn.microsoft.com/en-us/windows/win32/winmsg/wm-themechanged,https://github.com/MicrosoftDocs/win32/blob/docs/desktop-src/winmsg/wm-themechanged.md
WM_CLIPBOARDUPDATE,0x031D,,,,,,https://learn.microsoft.com/en-us/windows/win32/dataxchg/wm-clipboardupdate,https://github.com/MicrosoftDocs/win32/blob/docs/desktop-src/dataxchg/wm-clipboardupdate.md
WM_DWMCOMPOSITIONCHANGED,0x031E,,,,,,https://learn.microsoft.com/en-us/windows/win32/dwm/wm-dwmcompositionchanged,https://github.com/MicrosoftDocs/win32/blob/docs/desktop-src/dwm/wm-dwmcompositionchanged.md
WM_DWMNCRENDERINGCHANGED,0x031F,,,,,,https://learn.microsoft.com/en-us/windows/win32/dwm/wm-dwmncrenderingchanged,https://github.com/MicrosoftDocs/win32/blob/docs/desktop-src/dwm/wm-dwmncrenderingchanged.md
WM_DWMCOLORIZATIONCOLORCHANGED,0x0320,,,,,,https://learn.microsoft.com/en-us/windows/win32/dwm/wm-dwmcolorizationcolorchanged,https://github.com/MicrosoftDocs/win32/blob/docs/desktop-src/dwm/wm-dwmcolorizationcolorchanged.md
WM_DWMWINDOWMAXIMIZEDCHANGE,0x0321,,,,,,https://learn.microsoft.com/en-us/windows/win32/dwm/wm-dwmwindowmaximizedchange,https://github.com/MicrosoftDocs/win32/blob/docs/desktop-src/dwm/wm-dwmwindowmaximizedchange.md
WM_DWMSENDICONICTHUMBNAIL,0x0323,,,,,,https://learn.microsoft.com/en-us/windows/win32/dwm/wm-dwmsendiconicthumbnail,https://github.com/MicrosoftDocs/win32/blob/docs/desktop-src/dwm/wm-dwmsendiconicthumbnail.md
WM_DWMSENDICONICLIVEPREVIEWBITMAP,0x0326,,,,,,https://learn.microsoft.com/en-us/windows/win32/dwm/wm-dwmsendiconiclivepreviewbitmap,https://github.com/MicrosoftDocs/win32/blob/docs/desktop-src/dwm/wm-dwmsendiconiclivepreviewbitmap.md
WM_GETTITLEBARINFOEX,0x033F,,,,,,https://learn.microsoft.com/en-us/windows/win32/menurc/wm-gettitlebarinfoex,https://github.com/MicrosoftDocs/win32/blob/docs/desktop-src/menurc/wm-gettitlebarinfoex.md
WM_HANDHELDFIRST,0x0358,,,,,,,
WM_HANDHELDLAST,0x035F,,,,,,,
WM_AFXFIRST,0x0360,,,,,,,
WM_AFXLAST,0x037F,,,,,,,
WM_PENWINFIRST,0x0380,,,,,,,
WM_PENWINLAST,0x038F,,,,,,,
WM_APP,0x8000,,,,,,https://learn.microsoft.com/en-us/windows/win32/winmsg/wm-app,https://github.com/MicrosoftDocs/win32/blob/docs/desktop-src/winmsg/wm-app.md
WM_USER,0x0400,,,,,,https://learn.microsoft.com/en-us/windows/win32/winmsg/wm-user,https://github.com/MicrosoftDocs/win32/blob/docs/desktop-src/winmsg/wm-user.md
